Date,Product,Sales_Quantity,Stock_Level,Promotion_Applied
2023-01-01,Product_A,127,90,False
2023-01-02,Product_A,222,85,False
2023-01-03,Product_A,249,917,False
2023-01-04,Product_A,241,851,False
2023-01-05,Product_A,386,948,False
2023-01-06,Product_A,239,490,False
2023-01-07,Product_A,476,506,True
2023-01-08,Product_A,283,461,True
2023-01-09,Product_A,131,705,False
2023-01-10,Product_A,69,646,True
2023-01-11,Product_A,271,899,False
2023-01-12,Product_A,285,220,False
2023-01-13,Product_A,265,291,True
2023-01-14,Product_A,322,873,False
2023-01-15,Product_A,221,398,True
2023-01-16,Product_A,208,681,True
2023-01-17,Product_A,445,372,False
2023-01-18,Product_A,24,511,True
2023-01-19,Product_A,489,935,True
2023-01-20,Product_A,486,370,False
2023-01-21,Product_A,144,442,True
2023-01-22,Product_A,396,472,False
2023-01-23,Product_A,13,51,True
2023-01-24,Product_A,436,778,False
2023-01-25,Product_A,64,195,True
2023-01-26,Product_A,196,893,False
2023-01-27,Product_A,65,905,True
2023-01-28,Product_A,65,235,False
2023-01-29,Product_A,252,574,False
2023-01-30,Product_A,469,845,True
2023-01-31,Product_A,337,512,True
2023-02-01,Product_A,23,305,True
2023-02-02,Product_A,443,947,False
2023-02-03,Product_A,475,264,True
2023-02-04,Product_A,145,780,True
2023-02-05,Product_A,122,326,False
2023-02-06,Product_A,76,357,True
2023-02-07,Product_A,491,691,False
2023-02-08,Product_A,420,657,False
2023-02-09,Product_A,271,438,False
2023-02-10,Product_A,336,661,False
2023-02-11,Product_A,147,122,True
2023-02-12,Product_A,61,209,True
2023-02-13,Product_A,198,699,False
2023-02-14,Product_A,462,464,False
2023-02-15,Product_A,392,553,True
2023-02-16,Product_A,420,577,True
2023-02-17,Product_A,345,624,True
2023-02-18,Product_A,230,144,True
2023-02-19,Product_A,313,245,True
2023-02-20,Product_A,13,986,False
2023-02-21,Product_A,422,164,True
2023-02-22,Product_A,256,338,True
2023-02-23,Product_A,271,604,True
2023-02-24,Product_A,488,892,False
2023-02-25,Product_A,115,927,False
2023-02-26,Product_A,233,538,False
2023-02-27,Product_A,444,565,True
2023-02-28,Product_A,266,268,True
2023-03-01,Product_A,448,52,False
2023-03-02,Product_A,401,932,False
2023-03-03,Product_A,109,664,False
2023-03-04,Product_A,225,457,True
2023-03-05,Product_A,322,432,False
2023-03-06,Product_A,458,486,False
2023-03-07,Product_A,325,557,True
2023-03-08,Product_A,42,140,False
2023-03-09,Product_A,333,526,True
2023-03-10,Product_A,439,504,True
2023-03-11,Product_A,145,83,False
2023-03-12,Product_A,91,519,False
2023-03-13,Product_A,301,788,True
2023-03-14,Product_A,204,384,True
2023-03-15,Product_A,161,727,False
2023-03-16,Product_A,260,264,True
2023-03-17,Product_A,236,478,True
2023-03-18,Product_A,272,240,True
2023-03-19,Product_A,376,255,True
2023-03-20,Product_A,335,605,False
2023-03-21,Product_A,223,369,False
2023-03-22,Product_A,51,524,True
2023-03-23,Product_A,422,95,True
2023-03-24,Product_A,215,511,False
2023-03-25,Product_A,295,354,False
2023-03-26,Product_A,41,79,False
2023-03-27,Product_A,59,501,False
2023-03-28,Product_A,379,726,True
2023-03-29,Product_A,150,445,True
2023-03-30,Product_A,238,522,True
2023-03-31,Product_A,465,319,False
2023-04-01,Product_A,393,859,False
2023-04-02,Product_A,60,519,True
2023-04-03,Product_A,14,908,False
2023-04-04,Product_A,478,556,True
2023-04-05,Product_A,476,549,False
2023-04-06,Product_A,150,864,False
2023-04-07,Product_A,163,429,False
2023-04-08,Product_A,243,963,True
2023-04-09,Product_A,102,942,True
2023-04-10,Product_A,302,221,True
2023-04-11,Product_A,233,153,False
2023-04-12,Product_A,439,173,False
2023-04-13,Product_A,356,353,False
2023-04-14,Product_A,403,108,False
2023-04-15,Product_A,411,237,False
2023-04-16,Product_A,258,91,True
2023-04-17,Product_A,399,326,True
2023-04-18,Product_A,249,254,False
2023-04-19,Product_A,91,615,True
2023-04-20,Product_A,197,253,False
2023-04-21,Product_A,95,639,True
2023-04-22,Product_A,58,206,False
2023-04-23,Product_A,19,135,False
2023-04-24,Product_A,199,115,True
2023-04-25,Product_A,302,998,True
2023-04-26,Product_A,433,519,True
2023-04-27,Product_A,447,66,True
2023-04-28,Product_A,365,889,False
2023-04-29,Product_A,235,736,False
2023-04-30,Product_A,303,863,False
2023-05-01,Product_A,482,794,False
2023-05-02,Product_A,111,250,False
2023-05-03,Product_A,205,673,False
2023-05-04,Product_A,276,438,False
2023-05-05,Product_A,106,428,False
2023-05-06,Product_A,409,742,True
2023-05-07,Product_A,326,575,True
2023-05-08,Product_A,105,203,True
2023-05-09,Product_A,196,568,False
2023-05-10,Product_A,383,769,False
2023-05-11,Product_A,284,799,True
2023-05-12,Product_A,124,260,True
2023-05-13,Product_A,329,143,True
2023-05-14,Product_A,233,418,True
2023-05-15,Product_A,310,511,True
2023-05-16,Product_A,74,130,True
2023-05-17,Product_A,254,504,False
2023-05-18,Product_A,139,160,True
2023-05-19,Product_A,303,154,False
2023-05-20,Product_A,256,667,True
2023-05-21,Product_A,483,378,False
2023-05-22,Product_A,343,443,False
2023-05-23,Product_A,292,663,False
2023-05-24,Product_A,451,919,False
2023-05-25,Product_A,106,828,True
2023-05-26,Product_A,211,54,True
2023-05-27,Product_A,150,615,False
2023-05-28,Product_A,288,331,False
2023-05-29,Product_A,25,833,False
2023-05-30,Product_A,411,196,True
2023-05-31,Product_A,191,328,False
2023-06-01,Product_A,483,145,True
2023-06-02,Product_A,11,325,False
2023-06-03,Product_A,195,568,True
2023-06-04,Product_A,234,517,True
2023-06-05,Product_A,229,458,False
2023-06-06,Product_A,370,900,False
2023-06-07,Product_A,206,941,True
2023-06-08,Product_A,128,877,True
2023-06-09,Product_A,250,793,False
2023-06-10,Product_A,342,810,False
2023-06-11,Product_A,205,249,False
2023-06-12,Product_A,410,822,False
2023-06-13,Product_A,448,438,True
2023-06-14,Product_A,329,355,True
2023-06-15,Product_A,144,403,True
2023-06-16,Product_A,348,857,False
2023-06-17,Product_A,185,454,True
2023-06-18,Product_A,385,77,True
2023-06-19,Product_A,102,136,False
2023-06-20,Product_A,260,332,False
2023-06-21,Product_A,252,995,True
2023-06-22,Product_A,454,828,False
2023-06-23,Product_A,240,138,False
2023-06-24,Product_A,75,867,True
2023-06-25,Product_A,427,102,True
2023-06-26,Product_A,234,427,False
2023-06-27,Product_A,36,240,True
2023-06-28,Product_A,303,856,True
2023-06-29,Product_A,189,234,True
2023-06-30,Product_A,146,843,False
2023-07-01,Product_A,254,315,True
2023-07-02,Product_A,114,868,True
2023-07-03,Product_A,157,556,False
2023-07-04,Product_A,447,896,False
2023-07-05,Product_A,249,285,False
2023-07-06,Product_A,492,326,False
2023-07-07,Product_A,330,50,False
2023-07-08,Product_A,494,675,False
2023-07-09,Product_A,418,442,True
2023-07-10,Product_A,243,989,False
2023-07-11,Product_A,480,848,True
2023-07-12,Product_A,176,432,False
2023-07-13,Product_A,179,803,True
2023-07-14,Product_A,348,732,False
2023-07-15,Product_A,222,778,False
2023-07-16,Product_A,440,362,False
2023-07-17,Product_A,11,550,False
2023-07-18,Product_A,48,335,False
2023-07-19,Product_A,460,451,True
2023-07-20,Product_A,89,547,False
2023-07-21,Product_A,27,415,False
2023-07-22,Product_A,401,227,False
2023-07-23,Product_A,29,119,True
2023-07-24,Product_A,40,682,False
2023-07-25,Product_A,333,235,False
2023-07-26,Product_A,441,233,True
2023-07-27,Product_A,253,783,False
2023-07-28,Product_A,403,544,False
2023-07-29,Product_A,231,627,False
2023-07-30,Product_A,136,108,False
2023-07-31,Product_A,410,78,False
2023-08-01,Product_A,192,809,True
2023-08-02,Product_A,161,891,False
2023-08-03,Product_A,358,524,False
2023-08-04,Product_A,96,554,False
2023-08-05,Product_A,445,537,True
2023-08-06,Product_A,221,447,False
2023-08-07,Product_A,195,180,False
2023-08-08,Product_A,417,409,True
2023-08-09,Product_A,183,242,False
2023-08-10,Product_A,10,472,False
2023-08-11,Product_A,80,93,True
2023-08-12,Product_A,81,447,True
2023-08-13,Product_A,165,114,False
2023-08-14,Product_A,328,576,True
2023-08-15,Product_A,356,903,True
2023-08-16,Product_A,337,921,False
2023-08-17,Product_A,59,611,True
2023-08-18,Product_A,152,901,True
2023-08-19,Product_A,236,944,False
2023-08-20,Product_A,494,380,True
2023-08-21,Product_A,91,56,True
2023-08-22,Product_A,19,51,True
2023-08-23,Product_A,370,352,False
2023-08-24,Product_A,399,898,False
2023-08-25,Product_A,422,956,True
2023-08-26,Product_A,82,920,True
2023-08-27,Product_A,409,699,True
2023-08-28,Product_A,265,368,True
2023-08-29,Product_A,121,63,True
2023-08-30,Product_A,496,981,True
2023-08-31,Product_A,27,310,False
2023-09-01,Product_A,221,351,False
2023-09-02,Product_A,124,201,False
2023-09-03,Product_A,176,700,False
2023-09-04,Product_A,99,476,True
2023-09-05,Product_A,58,829,False
2023-09-06,Product_A,54,157,True
2023-09-07,Product_A,185,866,True
2023-09-08,Product_A,201,242,False
2023-09-09,Product_A,387,934,True
2023-09-10,Product_A,256,666,True
2023-09-11,Product_A,200,788,False
2023-09-12,Product_A,209,121,False
2023-09-13,Product_A,225,446,False
2023-09-14,Product_A,123,227,True
2023-09-15,Product_A,97,342,True
2023-09-16,Product_A,280,750,False
2023-09-17,Product_A,381,918,False
2023-09-18,Product_A,364,118,False
2023-09-19,Product_A,469,77,True
2023-09-20,Product_A,74,425,False
2023-09-21,Product_A,382,756,False
2023-09-22,Product_A,259,57,True
2023-09-23,Product_A,168,354,False
2023-09-24,Product_A,106,911,True
2023-09-25,Product_A,444,384,True
2023-09-26,Product_A,176,893,False
2023-09-27,Product_A,216,818,False
2023-09-28,Product_A,132,860,True
2023-09-29,Product_A,473,334,True
2023-09-30,Product_A,435,299,False
2023-10-01,Product_A,433,496,False
2023-10-02,Product_A,181,198,True
2023-10-03,Product_A,292,851,False
2023-10-04,Product_A,428,292,True
2023-10-05,Product_A,326,254,False
2023-10-06,Product_A,394,179,False
2023-10-07,Product_A,165,858,False
2023-10-08,Product_A,92,426,True
2023-10-09,Product_A,48,932,False
2023-10-10,Product_A,100,673,False
2023-10-11,Product_A,350,991,False
2023-10-12,Product_A,162,527,True
2023-10-13,Product_A,476,54,False
2023-10-14,Product_A,368,358,True
2023-10-15,Product_A,66,349,False
2023-10-16,Product_A,166,561,False
2023-10-17,Product_A,56,620,True
2023-10-18,Product_A,457,406,True
2023-10-19,Product_A,267,513,True
2023-10-20,Product_A,116,776,True
2023-10-21,Product_A,296,222,False
2023-10-22,Product_A,75,690,True
2023-10-23,Product_A,210,822,True
2023-10-24,Product_A,372,720,False
2023-10-25,Product_A,153,195,False
2023-10-26,Product_A,205,953,False
2023-10-27,Product_A,109,697,True
2023-10-28,Product_A,279,107,True
2023-10-29,Product_A,243,515,True
2023-10-30,Product_A,136,750,False
2023-10-31,Product_A,383,643,True
2023-11-01,Product_A,288,348,False
2023-11-02,Product_A,323,781,False
2023-11-03,Product_A,475,742,False
2023-11-04,Product_A,48,78,False
2023-11-05,Product_A,77,918,True
2023-11-06,Product_A,447,626,True
2023-11-07,Product_A,160,697,False
2023-11-08,Product_A,205,128,True
2023-11-09,Product_A,39,720,True
2023-11-10,Product_A,366,814,True
2023-11-11,Product_A,141,875,True
2023-11-12,Product_A,492,971,True
2023-11-13,Product_A,288,720,False
2023-11-14,Product_A,391,774,False
2023-11-15,Product_A,22,356,False
2023-11-16,Product_A,15,558,False
2023-11-17,Product_A,353,565,False
2023-11-18,Product_A,411,219,True
2023-11-19,Product_A,354,102,True
2023-11-20,Product_A,168,235,False
2023-11-21,Product_A,130,900,False
2023-11-22,Product_A,168,831,True
2023-11-23,Product_A,416,201,True
2023-11-24,Product_A,30,589,True
2023-11-25,Product_A,96,253,False
2023-11-26,Product_A,422,75,True
2023-11-27,Product_A,141,803,False
2023-11-28,Product_A,97,143,False
2023-11-29,Product_A,464,430,False
2023-11-30,Product_A,288,678,False
2023-12-01,Product_A,486,917,False
2023-12-02,Product_A,466,324,True
2023-12-03,Product_A,336,221,False
2023-12-04,Product_A,296,314,False
2023-12-05,Product_A,390,703,False
2023-12-06,Product_A,37,92,True
2023-12-07,Product_A,56,718,True
2023-12-08,Product_A,199,979,True
2023-12-09,Product_A,311,825,True
2023-12-10,Product_A,485,433,True
2023-12-11,Product_A,376,166,True
2023-12-12,Product_A,25,597,True
2023-12-13,Product_A,397,486,False
2023-12-14,Product_A,267,910,False
2023-12-15,Product_A,393,446,False
2023-12-16,Product_A,198,377,True
2023-12-17,Product_A,163,995,True
2023-12-18,Product_A,111,749,True
2023-12-19,Product_A,142,530,False
2023-12-20,Product_A,398,696,False
2023-12-21,Product_A,292,250,False
2023-12-22,Product_A,351,254,False
2023-12-23,Product_A,419,793,False
2023-12-24,Product_A,193,51,False
2023-12-25,Product_A,157,625,False
2023-12-26,Product_A,216,561,True
2023-12-27,Product_A,303,820,True
2023-12-28,Product_A,65,654,False
2023-12-29,Product_A,205,948,False
2023-12-30,Product_A,339,472,False
2023-12-31,Product_A,75,952,False
2023-01-01,Product_B,277,130,False
2023-01-02,Product_B,21,362,True
2023-01-03,Product_B,162,140,True
2023-01-04,Product_B,121,344,False
2023-01-05,Product_B,280,118,False
2023-01-06,Product_B,423,156,True
2023-01-07,Product_B,205,575,False
2023-01-08,Product_B,442,381,True
2023-01-09,Product_B,479,336,False
2023-01-10,Product_B,201,177,True
2023-01-11,Product_B,289,537,False
2023-01-12,Product_B,396,923,False
2023-01-13,Product_B,68,904,False
2023-01-14,Product_B,483,891,False
2023-01-15,Product_B,137,208,False
2023-01-16,Product_B,158,638,False
2023-01-17,Product_B,17,301,True
2023-01-18,Product_B,359,255,False
2023-01-19,Product_B,425,430,False
2023-01-20,Product_B,342,327,False
2023-01-21,Product_B,148,317,False
2023-01-22,Product_B,355,953,True
2023-01-23,Product_B,449,649,False
2023-01-24,Product_B,329,864,True
2023-01-25,Product_B,460,818,False
2023-01-26,Product_B,160,323,False
2023-01-27,Product_B,330,452,False
2023-01-28,Product_B,101,381,True
2023-01-29,Product_B,484,251,False
2023-01-30,Product_B,435,960,True
2023-01-31,Product_B,11,234,False
2023-02-01,Product_B,304,307,True
2023-02-02,Product_B,242,446,True
2023-02-03,Product_B,442,395,True
2023-02-04,Product_B,122,235,False
2023-02-05,Product_B,303,584,False
2023-02-06,Product_B,392,427,True
2023-02-07,Product_B,231,447,False
2023-02-08,Product_B,16,330,False
2023-02-09,Product_B,23,855,True
2023-02-10,Product_B,449,659,True
2023-02-11,Product_B,96,500,False
2023-02-12,Product_B,199,804,False
2023-02-13,Product_B,411,780,False
2023-02-14,Product_B,341,631,False
2023-02-15,Product_B,400,991,False
2023-02-16,Product_B,104,469,False
2023-02-17,Product_B,380,748,False
2023-02-18,Product_B,134,494,False
2023-02-19,Product_B,247,625,False
2023-02-20,Product_B,447,896,True
2023-02-21,Product_B,242,627,False
2023-02-22,Product_B,307,209,False
2023-02-23,Product_B,283,100,False
2023-02-24,Product_B,35,670,False
2023-02-25,Product_B,450,50,False
2023-02-26,Product_B,110,624,True
2023-02-27,Product_B,171,716,False
2023-02-28,Product_B,370,729,True
2023-03-01,Product_B,86,198,False
2023-03-02,Product_B,322,449,False
2023-03-03,Product_B,231,755,True
2023-03-04,Product_B,244,695,True
2023-03-05,Product_B,390,487,False
2023-03-06,Product_B,163,848,True
2023-03-07,Product_B,366,703,False
2023-03-08,Product_B,21,948,False
2023-03-09,Product_B,22,456,False
2023-03-10,Product_B,330,631,False
2023-03-11,Product_B,426,651,False
2023-03-12,Product_B,245,334,False
2023-03-13,Product_B,313,167,False
2023-03-14,Product_B,337,88,True
2023-03-15,Product_B,433,422,True
2023-03-16,Product_B,158,57,False
2023-03-17,Product_B,243,949,False
2023-03-18,Product_B,341,403,True
2023-03-19,Product_B,456,54,False
2023-03-20,Product_B,57,580,False
2023-03-21,Product_B,216,478,False
2023-03-22,Product_B,197,487,True
2023-03-23,Product_B,477,621,False
2023-03-24,Product_B,451,818,False
2023-03-25,Product_B,370,396,False
2023-03-26,Product_B,290,89,True
2023-03-27,Product_B,432,677,True
2023-03-28,Product_B,76,285,False
2023-03-29,Product_B,47,564,True
2023-03-30,Product_B,40,989,True
2023-03-31,Product_B,319,951,False
2023-04-01,Product_B,28,73,False
2023-04-02,Product_B,214,538,False
2023-04-03,Product_B,21,450,False
2023-04-04,Product_B,351,516,False
2023-04-05,Product_B,123,77,False
2023-04-06,Product_B,358,474,True
2023-04-07,Product_B,77,203,True
2023-04-08,Product_B,130,671,True
2023-04-09,Product_B,322,410,False
2023-04-10,Product_B,131,348,True
2023-04-11,Product_B,70,947,False
2023-04-12,Product_B,322,447,False
2023-04-13,Product_B,57,332,False
2023-04-14,Product_B,386,292,True
2023-04-15,Product_B,371,723,False
2023-04-16,Product_B,416,667,False
2023-04-17,Product_B,211,244,True
2023-04-18,Product_B,332,271,True
2023-04-19,Product_B,142,325,True
2023-04-20,Product_B,40,472,False
2023-04-21,Product_B,455,673,False
2023-04-22,Product_B,421,590,False
2023-04-23,Product_B,144,465,True
2023-04-24,Product_B,172,844,True
2023-04-25,Product_B,177,336,False
2023-04-26,Product_B,462,716,True
2023-04-27,Product_B,114,992,True
2023-04-28,Product_B,435,651,True
2023-04-29,Product_B,427,656,True
2023-04-30,Product_B,380,747,False
2023-05-01,Product_B,38,839,True
2023-05-02,Product_B,312,112,True
2023-05-03,Product_B,140,550,False
2023-05-04,Product_B,496,726,False
2023-05-05,Product_B,265,828,False
2023-05-06,Product_B,41,406,True
2023-05-07,Product_B,465,82,False
2023-05-08,Product_B,362,263,True
2023-05-09,Product_B,412,458,True
2023-05-10,Product_B,203,360,False
2023-05-11,Product_B,71,736,True
2023-05-12,Product_B,473,582,False
2023-05-13,Product_B,41,766,False
2023-05-14,Product_B,256,258,True
2023-05-15,Product_B,185,61,False
2023-05-16,Product_B,348,506,False
2023-05-17,Product_B,189,252,False
2023-05-18,Product_B,57,183,True
2023-05-19,Product_B,54,323,True
2023-05-20,Product_B,26,646,False
2023-05-21,Product_B,361,557,False
2023-05-22,Product_B,139,718,True
2023-05-23,Product_B,44,591,True
2023-05-24,Product_B,91,534,False
2023-05-25,Product_B,246,972,False
2023-05-26,Product_B,156,941,True
2023-05-27,Product_B,19,314,False
2023-05-28,Product_B,239,702,True
2023-05-29,Product_B,317,868,False
2023-05-30,Product_B,430,224,False
2023-05-31,Product_B,315,385,False
2023-06-01,Product_B,170,983,False
2023-06-02,Product_B,286,302,False
2023-06-03,Product_B,92,683,True
2023-06-04,Product_B,241,555,False
2023-06-05,Product_B,50,328,False
2023-06-06,Product_B,303,232,True
2023-06-07,Product_B,53,599,False
2023-06-08,Product_B,283,724,True
2023-06-09,Product_B,355,333,True
2023-06-10,Product_B,95,394,False
2023-06-11,Product_B,328,750,False
2023-06-12,Product_B,335,666,True
2023-06-13,Product_B,300,487,True
2023-06-14,Product_B,135,66,False
2023-06-15,Product_B,118,238,False
2023-06-16,Product_B,72,638,True
2023-06-17,Product_B,374,276,False
2023-06-18,Product_B,152,464,False
2023-06-19,Product_B,87,866,False
2023-06-20,Product_B,184,769,True
2023-06-21,Product_B,455,59,True
2023-06-22,Product_B,189,174,False
2023-06-23,Product_B,72,870,False
2023-06-24,Product_B,477,415,False
2023-06-25,Product_B,153,68,True
2023-06-26,Product_B,352,967,False
2023-06-27,Product_B,353,871,True
2023-06-28,Product_B,366,513,True
2023-06-29,Product_B,283,581,True
2023-06-30,Product_B,161,329,False
2023-07-01,Product_B,321,684,False
2023-07-02,Product_B,386,937,False
2023-07-03,Product_B,368,745,False
2023-07-04,Product_B,227,264,False
2023-07-05,Product_B,436,597,False
2023-07-06,Product_B,311,628,False
2023-07-07,Product_B,341,358,False
2023-07-08,Product_B,180,522,True
2023-07-09,Product_B,499,294,True
2023-07-10,Product_B,344,499,True
2023-07-11,Product_B,393,86,True
2023-07-12,Product_B,117,229,True
2023-07-13,Product_B,37,732,True
2023-07-14,Product_B,426,148,True
2023-07-15,Product_B,236,287,False
2023-07-16,Product_B,399,771,True
2023-07-17,Product_B,447,300,True
2023-07-18,Product_B,53,67,False
2023-07-19,Product_B,111,684,False
2023-07-20,Product_B,46,661,True
2023-07-21,Product_B,255,619,True
2023-07-22,Product_B,276,431,False
2023-07-23,Product_B,157,220,True
2023-07-24,Product_B,206,467,False
2023-07-25,Product_B,308,651,False
2023-07-26,Product_B,331,61,True
2023-07-27,Product_B,293,901,False
2023-07-28,Product_B,273,300,True
2023-07-29,Product_B,65,352,True
2023-07-30,Product_B,106,255,True
2023-07-31,Product_B,166,491,False
2023-08-01,Product_B,179,943,True
2023-08-02,Product_B,403,801,True
2023-08-03,Product_B,52,459,False
2023-08-04,Product_B,76,975,False
2023-08-05,Product_B,179,872,False
2023-08-06,Product_B,365,73,True
2023-08-07,Product_B,99,512,False
2023-08-08,Product_B,219,786,False
2023-08-09,Product_B,41,381,True
2023-08-10,Product_B,449,877,True
2023-08-11,Product_B,394,481,False
2023-08-12,Product_B,42,789,True
2023-08-13,Product_B,203,336,False
2023-08-14,Product_B,425,584,False
2023-08-15,Product_B,262,450,False
2023-08-16,Product_B,56,907,False
2023-08-17,Product_B,260,859,False
2023-08-18,Product_B,64,835,True
2023-08-19,Product_B,330,751,True
2023-08-20,Product_B,425,866,True
2023-08-21,Product_B,421,713,False
2023-08-22,Product_B,430,681,True
2023-08-23,Product_B,375,798,False
2023-08-24,Product_B,471,468,True
2023-08-25,Product_B,75,510,True
2023-08-26,Product_B,413,562,True
2023-08-27,Product_B,291,766,True
2023-08-28,Product_B,328,414,False
2023-08-29,Product_B,235,739,True
2023-08-30,Product_B,496,587,False
2023-08-31,Product_B,248,741,True
2023-09-01,Product_B,283,921,False
2023-09-02,Product_B,432,173,True
2023-09-03,Product_B,346,166,False
2023-09-04,Product_B,227,453,False
2023-09-05,Product_B,406,696,False
2023-09-06,Product_B,72,351,True
2023-09-07,Product_B,310,384,True
2023-09-08,Product_B,16,67,False
2023-09-09,Product_B,283,138,False
2023-09-10,Product_B,496,568,False
2023-09-11,Product_B,283,356,False
2023-09-12,Product_B,199,559,False
2023-09-13,Product_B,227,703,False
2023-09-14,Product_B,282,393,True
2023-09-15,Product_B,37,770,True
2023-09-16,Product_B,263,756,True
2023-09-17,Product_B,21,248,False
2023-09-18,Product_B,48,765,False
2023-09-19,Product_B,85,52,False
2023-09-20,Product_B,267,89,True
2023-09-21,Product_B,75,425,False
2023-09-22,Product_B,101,869,False
2023-09-23,Product_B,79,678,True
2023-09-24,Product_B,268,487,False
2023-09-25,Product_B,318,942,True
2023-09-26,Product_B,250,198,False
2023-09-27,Product_B,324,446,True
2023-09-28,Product_B,365,268,False
2023-09-29,Product_B,304,307,False
2023-09-30,Product_B,342,168,False
2023-10-01,Product_B,224,76,True
2023-10-02,Product_B,480,416,False
2023-10-03,Product_B,194,939,True
2023-10-04,Product_B,427,519,False
2023-10-05,Product_B,483,161,True
2023-10-06,Product_B,237,787,True
2023-10-07,Product_B,426,278,True
2023-10-08,Product_B,109,356,True
2023-10-09,Product_B,497,178,True
2023-10-10,Product_B,209,583,True
2023-10-11,Product_B,419,784,True
2023-10-12,Product_B,145,227,True
2023-10-13,Product_B,64,616,True
2023-10-14,Product_B,427,479,True
2023-10-15,Product_B,247,690,True
2023-10-16,Product_B,80,211,True
2023-10-17,Product_B,114,964,True
2023-10-18,Product_B,240,442,True
2023-10-19,Product_B,159,575,True
2023-10-20,Product_B,149,511,False
2023-10-21,Product_B,188,519,True
2023-10-22,Product_B,85,710,True
2023-10-23,Product_B,303,999,False
2023-10-24,Product_B,22,911,True
2023-10-25,Product_B,201,950,True
2023-10-26,Product_B,252,872,True
2023-10-27,Product_B,46,859,False
2023-10-28,Product_B,493,562,True
2023-10-29,Product_B,457,72,True
2023-10-30,Product_B,388,603,True
2023-10-31,Product_B,223,602,False
2023-11-01,Product_B,338,252,False
2023-11-02,Product_B,26,739,False
2023-11-03,Product_B,194,721,False
2023-11-04,Product_B,203,719,True
2023-11-05,Product_B,45,200,True
2023-11-06,Product_B,150,611,True
2023-11-07,Product_B,238,369,False
2023-11-08,Product_B,323,164,False
2023-11-09,Product_B,496,956,True
2023-11-10,Product_B,417,694,False
2023-11-11,Product_B,292,268,True
2023-11-12,Product_B,429,602,False
2023-11-13,Product_B,61,854,True
2023-11-14,Product_B,266,358,True
2023-11-15,Product_B,420,419,False
2023-11-16,Product_B,399,405,False
2023-11-17,Product_B,145,949,True
2023-11-18,Product_B,494,953,True
2023-11-19,Product_B,237,692,False
2023-11-20,Product_B,286,335,False
2023-11-21,Product_B,71,504,False
2023-11-22,Product_B,333,712,False
2023-11-23,Product_B,485,611,True
2023-11-24,Product_B,61,112,True
2023-11-25,Product_B,492,625,False
2023-11-26,Product_B,443,758,False
2023-11-27,Product_B,99,66,True
2023-11-28,Product_B,264,460,False
2023-11-29,Product_B,362,333,False
2023-11-30,Product_B,72,391,False
2023-12-01,Product_B,287,197,False
2023-12-02,Product_B,400,290,True
2023-12-03,Product_B,465,704,True
2023-12-04,Product_B,302,969,True
2023-12-05,Product_B,442,674,False
2023-12-06,Product_B,395,253,False
2023-12-07,Product_B,113,927,True
2023-12-08,Product_B,418,413,True
2023-12-09,Product_B,93,475,True
2023-12-10,Product_B,133,816,True
2023-12-11,Product_B,183,712,True
2023-12-12,Product_B,269,890,False
2023-12-13,Product_B,331,972,False
2023-12-14,Product_B,457,259,True
2023-12-15,Product_B,216,689,True
2023-12-16,Product_B,244,630,False
2023-12-17,Product_B,381,474,True
2023-12-18,Product_B,91,246,False
2023-12-19,Product_B,210,576,False
2023-12-20,Product_B,58,301,False
2023-12-21,Product_B,259,456,False
2023-12-22,Product_B,57,809,True
2023-12-23,Product_B,498,657,True
2023-12-24,Product_B,107,989,False
2023-12-25,Product_B,383,198,False
2023-12-26,Product_B,400,795,True
2023-12-27,Product_B,486,643,False
2023-12-28,Product_B,20,492,False
2023-12-29,Product_B,499,513,True
2023-12-30,Product_B,159,543,True
2023-12-31,Product_B,140,118,False
2023-01-01,Product_C,171,875,False
2023-01-02,Product_C,87,809,True
2023-01-03,Product_C,242,832,False
2023-01-04,Product_C,248,905,False
2023-01-05,Product_C,340,791,True
2023-01-06,Product_C,195,868,False
2023-01-07,Product_C,154,806,True
2023-01-08,Product_C,223,322,False
2023-01-09,Product_C,246,360,True
2023-01-10,Product_C,402,994,True
2023-01-11,Product_C,87,76,True
2023-01-12,Product_C,365,585,True
2023-01-13,Product_C,197,759,True
2023-01-14,Product_C,162,86,False
2023-01-15,Product_C,230,706,True
2023-01-16,Product_C,325,443,False
2023-01-17,Product_C,224,462,True
2023-01-18,Product_C,84,169,False
2023-01-19,Product_C,323,847,True
2023-01-20,Product_C,455,546,False
2023-01-21,Product_C,374,136,True
2023-01-22,Product_C,309,746,False
2023-01-23,Product_C,102,907,False
2023-01-24,Product_C,46,464,False
2023-01-25,Product_C,37,779,False
2023-01-26,Product_C,458,918,True
2023-01-27,Product_C,351,272,True
2023-01-28,Product_C,233,640,True
2023-01-29,Product_C,227,527,False
2023-01-30,Product_C,415,447,False
2023-01-31,Product_C,14,158,True
2023-02-01,Product_C,113,764,True
2023-02-02,Product_C,221,484,False
2023-02-03,Product_C,47,653,True
2023-02-04,Product_C,342,529,False
2023-02-05,Product_C,485,307,True
2023-02-06,Product_C,50,343,False
2023-02-07,Product_C,251,589,False
2023-02-08,Product_C,405,300,False
2023-02-09,Product_C,370,532,True
2023-02-10,Product_C,305,645,True
2023-02-11,Product_C,144,330,False
2023-02-12,Product_C,116,172,False
2023-02-13,Product_C,345,206,True
2023-02-14,Product_C,254,870,False
2023-02-15,Product_C,278,584,False
2023-02-16,Product_C,68,396,False
2023-02-17,Product_C,183,881,True
2023-02-18,Product_C,117,313,True
2023-02-19,Product_C,34,730,False
2023-02-20,Product_C,271,436,False
2023-02-21,Product_C,473,821,False
2023-02-22,Product_C,175,391,False
2023-02-23,Product_C,486,383,True
2023-02-24,Product_C,217,924,False
2023-02-25,Product_C,436,649,True
2023-02-26,Product_C,204,433,False
2023-02-27,Product_C,122,178,False
2023-02-28,Product_C,266,279,True
2023-03-01,Product_C,430,969,True
2023-03-02,Product_C,173,411,True
2023-03-03,Product_C,403,377,False
2023-03-04,Product_C,114,692,False
2023-03-05,Product_C,121,300,True
2023-03-06,Product_C,52,347,False
2023-03-07,Product_C,187,511,True
2023-03-08,Product_C,339,814,False
2023-03-09,Product_C,356,998,True
2023-03-10,Product_C,467,975,True
2023-03-11,Product_C,182,446,False
2023-03-12,Product_C,127,401,False
2023-03-13,Product_C,218,602,True
2023-03-14,Product_C,466,765,False
2023-03-15,Product_C,50,822,True
2023-03-16,Product_C,62,165,True
2023-03-17,Product_C,97,364,False
2023-03-18,Product_C,266,749,True
2023-03-19,Product_C,354,77,False
2023-03-20,Product_C,308,180,False
2023-03-21,Product_C,351,718,True
2023-03-22,Product_C,386,256,True
2023-03-23,Product_C,324,374,False
2023-03-24,Product_C,393,629,True
2023-03-25,Product_C,141,190,True
2023-03-26,Product_C,334,714,True
2023-03-27,Product_C,427,516,True
2023-03-28,Product_C,237,69,False
2023-03-29,Product_C,224,135,False
2023-03-30,Product_C,448,772,True
2023-03-31,Product_C,474,988,False
2023-04-01,Product_C,446,68,True
2023-04-02,Product_C,319,446,True
2023-04-03,Product_C,438,312,False
2023-04-04,Product_C,190,649,False
2023-04-05,Product_C,206,521,True
2023-04-06,Product_C,285,111,False
2023-04-07,Product_C,168,616,False
2023-04-08,Product_C,168,583,True
2023-04-09,Product_C,153,910,True
2023-04-10,Product_C,403,481,False
2023-04-11,Product_C,284,707,False
2023-04-12,Product_C,33,365,False
2023-04-13,Product_C,367,325,True
2023-04-14,Product_C,176,558,False
2023-04-15,Product_C,48,513,True
2023-04-16,Product_C,249,339,True
2023-04-17,Product_C,440,426,True
2023-04-18,Product_C,362,136,True
2023-04-19,Product_C,494,707,False
2023-04-20,Product_C,170,933,False
2023-04-21,Product_C,354,65,True
2023-04-22,Product_C,369,555,False
2023-04-23,Product_C,35,950,False
2023-04-24,Product_C,457,875,True
2023-04-25,Product_C,74,473,True
2023-04-26,Product_C,373,56,False
2023-04-27,Product_C,23,487,True
2023-04-28,Product_C,84,920,False
2023-04-29,Product_C,20,164,False
2023-04-30,Product_C,37,983,False
2023-05-01,Product_C,446,808,True
2023-05-02,Product_C,218,518,False
2023-05-03,Product_C,162,119,True
2023-05-04,Product_C,204,674,False
2023-05-05,Product_C,441,220,True
2023-05-06,Product_C,324,628,True
2023-05-07,Product_C,409,568,True
2023-05-08,Product_C,419,441,False
2023-05-09,Product_C,316,236,False
2023-05-10,Product_C,183,163,True
2023-05-11,Product_C,325,821,False
2023-05-12,Product_C,89,956,True
2023-05-13,Product_C,318,696,False
2023-05-14,Product_C,350,264,True
2023-05-15,Product_C,13,179,True
2023-05-16,Product_C,272,121,True
2023-05-17,Product_C,190,819,False
2023-05-18,Product_C,11,658,False
2023-05-19,Product_C,202,692,False
2023-05-20,Product_C,314,115,True
2023-05-21,Product_C,346,565,True
2023-05-22,Product_C,415,378,True
2023-05-23,Product_C,295,845,False
2023-05-24,Product_C,332,663,False
2023-05-25,Product_C,329,465,False
2023-05-26,Product_C,19,935,False
2023-05-27,Product_C,143,255,True
2023-05-28,Product_C,401,306,False
2023-05-29,Product_C,74,795,True
2023-05-30,Product_C,92,157,False
2023-05-31,Product_C,176,985,False
2023-06-01,Product_C,367,241,False
2023-06-02,Product_C,407,393,False
2023-06-03,Product_C,294,501,True
2023-06-04,Product_C,398,117,False
2023-06-05,Product_C,410,693,False
2023-06-06,Product_C,374,613,False
2023-06-07,Product_C,261,867,False
2023-06-08,Product_C,27,352,False
2023-06-09,Product_C,477,514,False
2023-06-10,Product_C,488,168,False
2023-06-11,Product_C,396,683,True
2023-06-12,Product_C,167,103,True
2023-06-13,Product_C,416,838,True
2023-06-14,Product_C,405,772,True
2023-06-15,Product_C,258,724,True
2023-06-16,Product_C,81,226,False
2023-06-17,Product_C,42,407,True
2023-06-18,Product_C,95,214,True
2023-06-19,Product_C,353,856,True
2023-06-20,Product_C,223,709,True
2023-06-21,Product_C,456,768,True
2023-06-22,Product_C,452,577,True
2023-06-23,Product_C,294,643,False
2023-06-24,Product_C,359,662,True
2023-06-25,Product_C,90,57,False
2023-06-26,Product_C,84,764,False
2023-06-27,Product_C,77,613,False
2023-06-28,Product_C,117,246,False
2023-06-29,Product_C,256,69,True
2023-06-30,Product_C,321,241,True
2023-07-01,Product_C,226,397,True
2023-07-02,Product_C,296,660,True
2023-07-03,Product_C,249,497,False
2023-07-04,Product_C,117,502,False
2023-07-05,Product_C,492,944,False
2023-07-06,Product_C,470,376,False
2023-07-07,Product_C,99,704,True
2023-07-08,Product_C,42,403,True
2023-07-09,Product_C,483,827,False
2023-07-10,Product_C,156,983,True
2023-07-11,Product_C,12,613,True
2023-07-12,Product_C,405,235,False
2023-07-13,Product_C,387,364,False
2023-07-14,Product_C,294,614,True
2023-07-15,Product_C,352,191,False
2023-07-16,Product_C,407,917,False
2023-07-17,Product_C,261,608,False
2023-07-18,Product_C,124,97,False
2023-07-19,Product_C,326,192,False
2023-07-20,Product_C,371,378,False
2023-07-21,Product_C,189,819,True
2023-07-22,Product_C,426,50,True
2023-07-23,Product_C,471,220,True
2023-07-24,Product_C,44,841,False
2023-07-25,Product_C,172,957,False
2023-07-26,Product_C,277,918,True
2023-07-27,Product_C,348,420,False
2023-07-28,Product_C,297,490,True
2023-07-29,Product_C,389,604,True
2023-07-30,Product_C,34,719,False
2023-07-31,Product_C,167,436,True
2023-08-01,Product_C,48,591,False
2023-08-02,Product_C,461,130,True
2023-08-03,Product_C,339,727,True
2023-08-04,Product_C,39,765,False
2023-08-05,Product_C,411,346,True
2023-08-06,Product_C,37,808,False
2023-08-07,Product_C,161,579,True
2023-08-08,Product_C,441,856,False
2023-08-09,Product_C,233,64,True
2023-08-10,Product_C,403,147,True
2023-08-11,Product_C,375,76,False
2023-08-12,Product_C,316,419,True
2023-08-13,Product_C,334,629,True
2023-08-14,Product_C,255,570,True
2023-08-15,Product_C,113,437,False
2023-08-16,Product_C,369,166,False
2023-08-17,Product_C,472,457,False
2023-08-18,Product_C,11,583,False
2023-08-19,Product_C,416,814,False
2023-08-20,Product_C,191,975,True
2023-08-21,Product_C,55,287,True
2023-08-22,Product_C,218,553,False
2023-08-23,Product_C,164,125,False
2023-08-24,Product_C,431,382,True
2023-08-25,Product_C,354,84,True
2023-08-26,Product_C,224,752,False
2023-08-27,Product_C,217,806,True
2023-08-28,Product_C,359,724,False
2023-08-29,Product_C,346,766,False
2023-08-30,Product_C,292,845,True
2023-08-31,Product_C,215,845,False
2023-09-01,Product_C,371,176,True
2023-09-02,Product_C,359,116,False
2023-09-03,Product_C,496,326,False
2023-09-04,Product_C,269,783,True
2023-09-05,Product_C,23,706,True
2023-09-06,Product_C,18,439,False
2023-09-07,Product_C,276,544,True
2023-09-08,Product_C,315,604,False
2023-09-09,Product_C,122,576,False
2023-09-10,Product_C,495,180,False
2023-09-11,Product_C,155,786,True
2023-09-12,Product_C,452,592,True
2023-09-13,Product_C,20,716,True
2023-09-14,Product_C,389,457,False
2023-09-15,Product_C,290,247,False
2023-09-16,Product_C,195,603,False
2023-09-17,Product_C,294,53,True
2023-09-18,Product_C,225,223,True
2023-09-19,Product_C,124,168,True
2023-09-20,Product_C,109,879,True
2023-09-21,Product_C,137,773,True
2023-09-22,Product_C,402,736,False
2023-09-23,Product_C,471,558,False
2023-09-24,Product_C,212,901,True
2023-09-25,Product_C,374,227,False
2023-09-26,Product_C,211,977,False
2023-09-27,Product_C,185,298,True
2023-09-28,Product_C,177,127,False
2023-09-29,Product_C,459,442,True
2023-09-30,Product_C,55,720,True
2023-10-01,Product_C,89,455,False
2023-10-02,Product_C,413,748,True
2023-10-03,Product_C,223,881,True
2023-10-04,Product_C,248,605,True
2023-10-05,Product_C,212,206,True
2023-10-06,Product_C,485,238,False
2023-10-07,Product_C,396,940,True
2023-10-08,Product_C,179,756,True
2023-10-09,Product_C,134,233,True
2023-10-10,Product_C,284,528,True
2023-10-11,Product_C,118,986,True
2023-10-12,Product_C,370,865,False
2023-10-13,Product_C,73,180,False
2023-10-14,Product_C,432,244,False
2023-10-15,Product_C,331,923,False
2023-10-16,Product_C,105,614,True
2023-10-17,Product_C,497,979,True
2023-10-18,Product_C,325,196,False
2023-10-19,Product_C,224,702,False
2023-10-20,Product_C,233,604,True
2023-10-21,Product_C,434,365,False
2023-10-22,Product_C,384,780,False
2023-10-23,Product_C,467,579,True
2023-10-24,Product_C,488,632,True
2023-10-25,Product_C,181,167,True
2023-10-26,Product_C,158,65,True
2023-10-27,Product_C,164,373,True
2023-10-28,Product_C,111,721,True
2023-10-29,Product_C,349,672,False
2023-10-30,Product_C,456,287,False
2023-10-31,Product_C,86,287,True
2023-11-01,Product_C,389,649,False
2023-11-02,Product_C,333,581,True
2023-11-03,Product_C,298,372,False
2023-11-04,Product_C,389,470,True
2023-11-05,Product_C,367,198,False
2023-11-06,Product_C,136,816,True
2023-11-07,Product_C,279,802,True
2023-11-08,Product_C,264,487,False
2023-11-09,Product_C,409,986,True
2023-11-10,Product_C,363,859,True
2023-11-11,Product_C,485,529,True
2023-11-12,Product_C,143,418,True
2023-11-13,Product_C,300,274,True
2023-11-14,Product_C,193,269,True
2023-11-15,Product_C,276,275,False
2023-11-16,Product_C,282,111,True
2023-11-17,Product_C,484,970,False
2023-11-18,Product_C,35,828,True
2023-11-19,Product_C,408,875,False
2023-11-20,Product_C,99,129,False
2023-11-21,Product_C,68,915,False
2023-11-22,Product_C,286,381,False
2023-11-23,Product_C,306,154,False
2023-11-24,Product_C,124,964,False
2023-11-25,Product_C,40,549,False
2023-11-26,Product_C,50,163,False
2023-11-27,Product_C,401,933,False
2023-11-28,Product_C,375,764,False
2023-11-29,Product_C,21,476,True
2023-11-30,Product_C,181,607,True
2023-12-01,Product_C,394,892,True
2023-12-02,Product_C,368,829,True
2023-12-03,Product_C,431,993,True
2023-12-04,Product_C,181,221,False
2023-12-05,Product_C,473,574,False
2023-12-06,Product_C,341,925,False
2023-12-07,Product_C,299,98,True
2023-12-08,Product_C,450,281,False
2023-12-09,Product_C,324,262,True
2023-12-10,Product_C,21,847,True
2023-12-11,Product_C,100,225,True
2023-12-12,Product_C,153,321,False
2023-12-13,Product_C,237,858,False
2023-12-14,Product_C,319,116,True
2023-12-15,Product_C,427,312,False
2023-12-16,Product_C,287,167,False
2023-12-17,Product_C,370,570,True
2023-12-18,Product_C,43,895,False
2023-12-19,Product_C,227,871,False
2023-12-20,Product_C,288,878,False
2023-12-21,Product_C,420,131,False
2023-12-22,Product_C,357,766,False
2023-12-23,Product_C,16,455,False
2023-12-24,Product_C,86,623,True
2023-12-25,Product_C,456,174,True
2023-12-26,Product_C,492,617,False
2023-12-27,Product_C,39,746,True
2023-12-28,Product_C,280,520,False
2023-12-29,Product_C,124,436,True
2023-12-30,Product_C,366,562,False
2023-12-31,Product_C,320,484,False
2023-01-01,Product_D,391,704,True
2023-01-02,Product_D,469,984,False
2023-01-03,Product_D,27,974,False
2023-01-04,Product_D,340,307,True
2023-01-05,Product_D,202,258,False
2023-01-06,Product_D,33,859,False
2023-01-07,Product_D,28,824,True
2023-01-08,Product_D,163,630,True
2023-01-09,Product_D,380,987,False
2023-01-10,Product_D,337,766,True
2023-01-11,Product_D,267,117,False
2023-01-12,Product_D,347,245,False
2023-01-13,Product_D,389,339,True
2023-01-14,Product_D,400,457,True
2023-01-15,Product_D,494,492,True
2023-01-16,Product_D,135,882,True
2023-01-17,Product_D,408,987,True
2023-01-18,Product_D,301,670,False
2023-01-19,Product_D,486,919,True
2023-01-20,Product_D,266,159,True
2023-01-21,Product_D,208,985,False
2023-01-22,Product_D,159,373,True
2023-01-23,Product_D,70,778,True
2023-01-24,Product_D,431,994,True
2023-01-25,Product_D,470,173,True
2023-01-26,Product_D,138,474,True
2023-01-27,Product_D,196,789,False
2023-01-28,Product_D,320,994,False
2023-01-29,Product_D,287,599,True
2023-01-30,Product_D,13,820,True
2023-01-31,Product_D,394,429,False
2023-02-01,Product_D,172,298,False
2023-02-02,Product_D,207,463,False
2023-02-03,Product_D,475,679,True
2023-02-04,Product_D,453,280,False
2023-02-05,Product_D,17,886,False
2023-02-06,Product_D,36,77,False
2023-02-07,Product_D,141,940,True
2023-02-08,Product_D,332,68,True
2023-02-09,Product_D,324,254,False
2023-02-10,Product_D,409,977,False
2023-02-11,Product_D,463,989,True
2023-02-12,Product_D,406,995,False
2023-02-13,Product_D,435,117,False
2023-02-14,Product_D,76,757,False
2023-02-15,Product_D,110,303,True
2023-02-16,Product_D,467,536,True
2023-02-17,Product_D,229,750,True
2023-02-18,Product_D,238,332,False
2023-02-19,Product_D,387,526,False
2023-02-20,Product_D,302,722,True
2023-02-21,Product_D,331,791,False
2023-02-22,Product_D,10,972,True
2023-02-23,Product_D,176,429,True
2023-02-24,Product_D,178,208,True
2023-02-25,Product_D,293,672,True
2023-02-26,Product_D,193,157,True
2023-02-27,Product_D,174,815,True
2023-02-28,Product_D,475,419,False
2023-03-01,Product_D,439,334,False
2023-03-02,Product_D,114,826,True
2023-03-03,Product_D,14,338,True
2023-03-04,Product_D,428,417,False
2023-03-05,Product_D,457,666,False
2023-03-06,Product_D,126,547,True
2023-03-07,Product_D,277,325,False
2023-03-08,Product_D,444,171,False
2023-03-09,Product_D,347,945,False
2023-03-10,Product_D,299,276,True
2023-03-11,Product_D,255,326,True
2023-03-12,Product_D,114,751,True
2023-03-13,Product_D,84,446,True
2023-03-14,Product_D,48,148,False
2023-03-15,Product_D,105,348,True
2023-03-16,Product_D,125,324,False
2023-03-17,Product_D,398,977,False
2023-03-18,Product_D,94,745,True
2023-03-19,Product_D,357,996,True
2023-03-20,Product_D,467,484,True
2023-03-21,Product_D,225,929,False
2023-03-22,Product_D,292,423,True
2023-03-23,Product_D,148,538,False
2023-03-24,Product_D,141,860,False
2023-03-25,Product_D,175,574,False
2023-03-26,Product_D,345,207,True
2023-03-27,Product_D,459,993,False
2023-03-28,Product_D,499,324,True
2023-03-29,Product_D,16,875,False
2023-03-30,Product_D,306,923,False
2023-03-31,Product_D,355,136,True
2023-04-01,Product_D,209,660,False
2023-04-02,Product_D,297,413,True
2023-04-03,Product_D,47,736,False
2023-04-04,Product_D,259,572,False
2023-04-05,Product_D,93,869,False
2023-04-06,Product_D,331,171,True
2023-04-07,Product_D,480,883,False
2023-04-08,Product_D,248,627,True
2023-04-09,Product_D,58,713,True
2023-04-10,Product_D,331,794,True
2023-04-11,Product_D,273,759,False
2023-04-12,Product_D,447,763,True
2023-04-13,Product_D,117,883,True
2023-04-14,Product_D,36,644,False
2023-04-15,Product_D,220,581,False
2023-04-16,Product_D,440,948,False
2023-04-17,Product_D,430,605,False
2023-04-18,Product_D,203,611,True
2023-04-19,Product_D,196,54,True
2023-04-20,Product_D,142,881,False
2023-04-21,Product_D,212,123,True
2023-04-22,Product_D,475,882,True
2023-04-23,Product_D,81,560,True
2023-04-24,Product_D,406,212,True
2023-04-25,Product_D,476,747,False
2023-04-26,Product_D,465,242,True
2023-04-27,Product_D,28,833,True
2023-04-28,Product_D,168,591,True
2023-04-29,Product_D,408,971,True
2023-04-30,Product_D,68,628,False
2023-05-01,Product_D,45,176,True
2023-05-02,Product_D,97,558,True
2023-05-03,Product_D,228,717,True
2023-05-04,Product_D,142,776,False
2023-05-05,Product_D,175,998,False
2023-05-06,Product_D,379,939,False
2023-05-07,Product_D,213,171,False
2023-05-08,Product_D,376,330,False
2023-05-09,Product_D,445,350,True
2023-05-10,Product_D,301,765,True
2023-05-11,Product_D,365,748,False
2023-05-12,Product_D,232,101,True
2023-05-13,Product_D,139,525,False
2023-05-14,Product_D,391,669,False
2023-05-15,Product_D,181,452,True
2023-05-16,Product_D,143,896,True
2023-05-17,Product_D,88,472,True
2023-05-18,Product_D,463,119,False
2023-05-19,Product_D,428,483,True
2023-05-20,Product_D,216,934,True
2023-05-21,Product_D,333,404,False
2023-05-22,Product_D,239,462,False
2023-05-23,Product_D,421,105,False
2023-05-24,Product_D,41,672,True
2023-05-25,Product_D,333,239,False
2023-05-26,Product_D,413,68,True
2023-05-27,Product_D,227,664,False
2023-05-28,Product_D,485,158,False
2023-05-29,Product_D,386,828,True
2023-05-30,Product_D,498,325,False
2023-05-31,Product_D,403,969,False
2023-06-01,Product_D,227,825,True
2023-06-02,Product_D,354,463,False
2023-06-03,Product_D,184,217,True
2023-06-04,Product_D,234,122,False
2023-06-05,Product_D,131,937,True
2023-06-06,Product_D,317,823,True
2023-06-07,Product_D,52,968,True
2023-06-08,Product_D,105,304,False
2023-06-09,Product_D,152,120,False
2023-06-10,Product_D,440,595,False
2023-06-11,Product_D,497,250,False
2023-06-12,Product_D,62,923,True
2023-06-13,Product_D,22,192,False
2023-06-14,Product_D,417,734,False
2023-06-15,Product_D,305,71,True
2023-06-16,Product_D,21,689,True
2023-06-17,Product_D,486,613,True
2023-06-18,Product_D,206,784,False
2023-06-19,Product_D,364,244,False
2023-06-20,Product_D,27,784,True
2023-06-21,Product_D,70,923,True
2023-06-22,Product_D,41,425,False
2023-06-23,Product_D,219,757,True
2023-06-24,Product_D,196,646,False
2023-06-25,Product_D,202,762,True
2023-06-26,Product_D,229,369,False
2023-06-27,Product_D,231,945,True
2023-06-28,Product_D,466,447,True
2023-06-29,Product_D,201,950,True
2023-06-30,Product_D,412,624,False
2023-07-01,Product_D,336,172,True
2023-07-02,Product_D,414,961,False
2023-07-03,Product_D,62,118,False
2023-07-04,Product_D,140,278,True
2023-07-05,Product_D,283,360,False
2023-07-06,Product_D,482,735,True
2023-07-07,Product_D,37,988,False
2023-07-08,Product_D,393,954,False
2023-07-09,Product_D,402,366,True
2023-07-10,Product_D,298,268,True
2023-07-11,Product_D,329,569,True
2023-07-12,Product_D,365,760,False
2023-07-13,Product_D,176,699,True
2023-07-14,Product_D,190,573,True
2023-07-15,Product_D,79,872,False
2023-07-16,Product_D,367,995,True
2023-07-17,Product_D,309,901,False
2023-07-18,Product_D,172,250,False
2023-07-19,Product_D,203,700,True
2023-07-20,Product_D,16,774,False
2023-07-21,Product_D,342,701,False
2023-07-22,Product_D,140,614,True
2023-07-23,Product_D,267,662,False
2023-07-24,Product_D,214,248,True
2023-07-25,Product_D,86,320,True
2023-07-26,Product_D,98,404,False
2023-07-27,Product_D,452,220,False
2023-07-28,Product_D,112,652,False
2023-07-29,Product_D,70,137,False
2023-07-30,Product_D,138,986,True
2023-07-31,Product_D,401,827,True
2023-08-01,Product_D,214,374,False
2023-08-02,Product_D,349,63,True
2023-08-03,Product_D,298,315,False
2023-08-04,Product_D,493,883,False
2023-08-05,Product_D,197,242,True
2023-08-06,Product_D,270,708,False
2023-08-07,Product_D,182,989,True
2023-08-08,Product_D,302,600,True
2023-08-09,Product_D,389,497,False
2023-08-10,Product_D,233,447,True
2023-08-11,Product_D,461,846,False
2023-08-12,Product_D,365,866,True
2023-08-13,Product_D,407,873,True
2023-08-14,Product_D,430,786,False
2023-08-15,Product_D,283,442,True
2023-08-16,Product_D,72,189,True
2023-08-17,Product_D,139,859,True
2023-08-18,Product_D,266,477,False
2023-08-19,Product_D,421,212,True
2023-08-20,Product_D,346,366,True
2023-08-21,Product_D,335,698,False
2023-08-22,Product_D,125,225,True
2023-08-23,Product_D,97,673,True
2023-08-24,Product_D,233,52,False
2023-08-25,Product_D,454,374,True
2023-08-26,Product_D,167,224,False
2023-08-27,Product_D,412,854,True
2023-08-28,Product_D,247,493,False
2023-08-29,Product_D,225,166,True
2023-08-30,Product_D,434,435,False
2023-08-31,Product_D,52,756,False
2023-09-01,Product_D,191,823,True
2023-09-02,Product_D,471,721,True
2023-09-03,Product_D,448,80,False
2023-09-04,Product_D,436,477,True
2023-09-05,Product_D,132,64,True
2023-09-06,Product_D,457,458,False
2023-09-07,Product_D,408,688,True
2023-09-08,Product_D,403,67,True
2023-09-09,Product_D,367,63,True
2023-09-10,Product_D,218,667,True
2023-09-11,Product_D,226,819,True
2023-09-12,Product_D,175,102,False
2023-09-13,Product_D,327,56,True
2023-09-14,Product_D,388,758,True
2023-09-15,Product_D,174,770,True
2023-09-16,Product_D,160,79,True
2023-09-17,Product_D,382,131,True
2023-09-18,Product_D,13,532,False
2023-09-19,Product_D,42,706,False
2023-09-20,Product_D,335,180,True
2023-09-21,Product_D,35,559,False
2023-09-22,Product_D,367,929,False
2023-09-23,Product_D,464,110,True
2023-09-24,Product_D,325,651,True
2023-09-25,Product_D,10,681,False
2023-09-26,Product_D,111,162,False
2023-09-27,Product_D,231,368,True
2023-09-28,Product_D,451,882,True
2023-09-29,Product_D,52,577,True
2023-09-30,Product_D,206,535,False
2023-10-01,Product_D,171,191,False
2023-10-02,Product_D,299,448,False
2023-10-03,Product_D,39,519,False
2023-10-04,Product_D,188,520,True
2023-10-05,Product_D,207,59,False
2023-10-06,Product_D,425,612,True
2023-10-07,Product_D,442,106,False
2023-10-08,Product_D,448,261,True
2023-10-09,Product_D,226,217,False
2023-10-10,Product_D,114,387,True
2023-10-11,Product_D,76,464,False
2023-10-12,Product_D,150,107,False
2023-10-13,Product_D,444,524,False
2023-10-14,Product_D,214,574,True
2023-10-15,Product_D,140,489,False
2023-10-16,Product_D,173,336,False
2023-10-17,Product_D,160,347,True
2023-10-18,Product_D,475,704,False
2023-10-19,Product_D,406,725,False
2023-10-20,Product_D,465,653,True
2023-10-21,Product_D,460,456,True
2023-10-22,Product_D,363,334,True
2023-10-23,Product_D,90,433,True
2023-10-24,Product_D,17,227,True
2023-10-25,Product_D,335,632,True
2023-10-26,Product_D,352,632,True
2023-10-27,Product_D,369,417,True
2023-10-28,Product_D,204,676,True
2023-10-29,Product_D,285,900,True
2023-10-30,Product_D,464,272,True
2023-10-31,Product_D,17,218,True
2023-11-01,Product_D,373,907,False
2023-11-02,Product_D,458,554,True
2023-11-03,Product_D,210,648,True
2023-11-04,Product_D,81,289,False
2023-11-05,Product_D,485,432,True
2023-11-06,Product_D,305,862,True
2023-11-07,Product_D,105,490,True
2023-11-08,Product_D,13,720,True
2023-11-09,Product_D,412,104,False
2023-11-10,Product_D,46,790,True
2023-11-11,Product_D,437,113,True
2023-11-12,Product_D,155,653,True
2023-11-13,Product_D,495,300,True
2023-11-14,Product_D,134,975,False
2023-11-15,Product_D,67,137,True
2023-11-16,Product_D,303,416,True
2023-11-17,Product_D,67,167,False
2023-11-18,Product_D,451,840,True
2023-11-19,Product_D,201,926,True
2023-11-20,Product_D,431,801,True
2023-11-21,Product_D,69,379,True
2023-11-22,Product_D,416,490,True
2023-11-23,Product_D,114,61,False
2023-11-24,Product_D,314,565,True
2023-11-25,Product_D,105,793,True
2023-11-26,Product_D,53,55,True
2023-11-27,Product_D,160,608,False
2023-11-28,Product_D,345,461,False
2023-11-29,Product_D,250,751,True
2023-11-30,Product_D,334,55,False
2023-12-01,Product_D,308,552,False
2023-12-02,Product_D,446,121,False
2023-12-03,Product_D,75,609,False
2023-12-04,Product_D,79,97,True
2023-12-05,Product_D,388,949,True
2023-12-06,Product_D,93,382,False
2023-12-07,Product_D,437,830,False
2023-12-08,Product_D,13,313,False
2023-12-09,Product_D,178,831,False
2023-12-10,Product_D,393,761,False
2023-12-11,Product_D,331,966,True
2023-12-12,Product_D,14,274,True
2023-12-13,Product_D,194,650,False
2023-12-14,Product_D,358,179,True
2023-12-15,Product_D,463,378,True
2023-12-16,Product_D,65,185,True
2023-12-17,Product_D,141,812,False
2023-12-18,Product_D,462,933,False
2023-12-19,Product_D,55,507,True
2023-12-20,Product_D,449,829,False
2023-12-21,Product_D,74,980,True
2023-12-22,Product_D,193,130,False
2023-12-23,Product_D,239,850,False
2023-12-24,Product_D,408,300,False
2023-12-25,Product_D,470,781,True
2023-12-26,Product_D,129,621,True
2023-12-27,Product_D,272,92,False
2023-12-28,Product_D,410,886,False
2023-12-29,Product_D,234,429,True
2023-12-30,Product_D,212,204,True
2023-12-31,Product_D,70,253,False
2023-01-01,Product_E,74,940,True
2023-01-02,Product_E,380,525,True
2023-01-03,Product_E,340,723,False
2023-01-04,Product_E,241,315,True
2023-01-05,Product_E,109,853,True
2023-01-06,Product_E,49,143,True
2023-01-07,Product_E,262,657,False
2023-01-08,Product_E,294,612,True
2023-01-09,Product_E,69,123,True
2023-01-10,Product_E,190,938,True
2023-01-11,Product_E,102,650,True
2023-01-12,Product_E,276,332,True
2023-01-13,Product_E,118,555,False
2023-01-14,Product_E,375,231,True
2023-01-15,Product_E,335,810,False
2023-01-16,Product_E,434,450,False
2023-01-17,Product_E,71,278,False
2023-01-18,Product_E,239,711,False
2023-01-19,Product_E,94,422,True
2023-01-20,Product_E,182,361,True
2023-01-21,Product_E,463,584,False
2023-01-22,Product_E,473,762,False
2023-01-23,Product_E,273,274,True
2023-01-24,Product_E,108,600,True
2023-01-25,Product_E,190,268,True
2023-01-26,Product_E,155,766,False
2023-01-27,Product_E,476,220,True
2023-01-28,Product_E,94,510,False
2023-01-29,Product_E,340,194,False
2023-01-30,Product_E,248,466,False
2023-01-31,Product_E,440,403,False
2023-02-01,Product_E,300,502,False
2023-02-02,Product_E,211,471,True
2023-02-03,Product_E,218,568,False
2023-02-04,Product_E,103,472,True
2023-02-05,Product_E,281,212,True
2023-02-06,Product_E,397,80,True
2023-02-07,Product_E,25,449,True
2023-02-08,Product_E,414,175,True
2023-02-09,Product_E,153,938,False
2023-02-10,Product_E,80,218,False
2023-02-11,Product_E,269,831,False
2023-02-12,Product_E,332,193,True
2023-02-13,Product_E,26,759,False
2023-02-14,Product_E,401,410,True
2023-02-15,Product_E,423,985,True
2023-02-16,Product_E,370,266,False
2023-02-17,Product_E,471,639,True
2023-02-18,Product_E,318,354,False
2023-02-19,Product_E,156,305,True
2023-02-20,Product_E,415,923,False
2023-02-21,Product_E,238,633,True
2023-02-22,Product_E,90,621,False
2023-02-23,Product_E,28,813,False
2023-02-24,Product_E,39,404,True
2023-02-25,Product_E,360,343,True
2023-02-26,Product_E,26,371,False
2023-02-27,Product_E,178,92,True
2023-02-28,Product_E,51,440,True
2023-03-01,Product_E,60,347,True
2023-03-02,Product_E,304,768,True
2023-03-03,Product_E,416,391,True
2023-03-04,Product_E,48,93,True
2023-03-05,Product_E,15,562,False
2023-03-06,Product_E,473,805,True
2023-03-07,Product_E,85,682,True
2023-03-08,Product_E,274,337,False
2023-03-09,Product_E,128,432,True
2023-03-10,Product_E,211,947,False
2023-03-11,Product_E,37,283,True
2023-03-12,Product_E,162,969,False
2023-03-13,Product_E,13,218,False
2023-03-14,Product_E,288,809,True
2023-03-15,Product_E,336,687,True
2023-03-16,Product_E,67,70,True
2023-03-17,Product_E,66,149,True
2023-03-18,Product_E,235,660,True
2023-03-19,Product_E,185,75,False
2023-03-20,Product_E,231,550,True
2023-03-21,Product_E,254,973,False
2023-03-22,Product_E,191,357,True
2023-03-23,Product_E,115,340,True
2023-03-24,Product_E,204,594,True
2023-03-25,Product_E,438,918,True
2023-03-26,Product_E,142,999,False
2023-03-27,Product_E,260,974,False
2023-03-28,Product_E,434,817,False
2023-03-29,Product_E,183,878,False
2023-03-30,Product_E,337,538,True
2023-03-31,Product_E,100,535,True
2023-04-01,Product_E,447,215,True
2023-04-02,Product_E,80,483,False
2023-04-03,Product_E,166,836,True
2023-04-04,Product_E,163,358,True
2023-04-05,Product_E,43,165,True
2023-04-06,Product_E,26,760,True
2023-04-07,Product_E,25,423,True
2023-04-08,Product_E,113,583,False
2023-04-09,Product_E,371,159,False
2023-04-10,Product_E,376,895,True
2023-04-11,Product_E,46,676,False
2023-04-12,Product_E,107,349,True
2023-04-13,Product_E,413,598,False
2023-04-14,Product_E,124,853,True
2023-04-15,Product_E,96,334,False
2023-04-16,Product_E,111,743,True
2023-04-17,Product_E,12,884,False
2023-04-18,Product_E,202,104,False
2023-04-19,Product_E,318,503,True
2023-04-20,Product_E,372,799,True
2023-04-21,Product_E,155,598,False
2023-04-22,Product_E,346,432,False
2023-04-23,Product_E,233,876,True
2023-04-24,Product_E,11,575,True
2023-04-25,Product_E,178,772,False
2023-04-26,Product_E,428,743,True
2023-04-27,Product_E,417,297,False
2023-04-28,Product_E,38,448,False
2023-04-29,Product_E,494,257,True
2023-04-30,Product_E,450,958,False
2023-05-01,Product_E,243,850,False
2023-05-02,Product_E,371,247,True
2023-05-03,Product_E,447,933,True
2023-05-04,Product_E,245,766,False
2023-05-05,Product_E,363,898,False
2023-05-06,Product_E,401,720,False
2023-05-07,Product_E,156,70,True
2023-05-08,Product_E,397,193,False
2023-05-09,Product_E,213,311,False
2023-05-10,Product_E,411,643,True
2023-05-11,Product_E,463,661,True
2023-05-12,Product_E,305,126,True
2023-05-13,Product_E,40,557,False
2023-05-14,Product_E,65,735,False
2023-05-15,Product_E,122,725,False
2023-05-16,Product_E,180,113,True
2023-05-17,Product_E,93,666,False
2023-05-18,Product_E,66,309,False
2023-05-19,Product_E,133,981,False
2023-05-20,Product_E,278,442,True
2023-05-21,Product_E,431,661,True
2023-05-22,Product_E,319,716,False
2023-05-23,Product_E,59,140,False
2023-05-24,Product_E,329,743,False
2023-05-25,Product_E,330,946,False
2023-05-26,Product_E,49,587,False
2023-05-27,Product_E,94,153,True
2023-05-28,Product_E,196,854,True
2023-05-29,Product_E,231,850,False
2023-05-30,Product_E,107,682,False
2023-05-31,Product_E,174,372,False
2023-06-01,Product_E,462,273,True
2023-06-02,Product_E,426,177,True
2023-06-03,Product_E,468,173,False
2023-06-04,Product_E,271,142,False
2023-06-05,Product_E,205,575,False
2023-06-06,Product_E,71,306,False
2023-06-07,Product_E,372,886,True
2023-06-08,Product_E,440,89,True
2023-06-09,Product_E,315,559,True
2023-06-10,Product_E,333,209,False
2023-06-11,Product_E,467,341,False
2023-06-12,Product_E,361,629,True
2023-06-13,Product_E,240,971,False
2023-06-14,Product_E,481,738,True
2023-06-15,Product_E,305,729,False
2023-06-16,Product_E,298,645,True
2023-06-17,Product_E,218,330,True
2023-06-18,Product_E,91,952,False
2023-06-19,Product_E,228,884,False
2023-06-20,Product_E,16,721,False
2023-06-21,Product_E,359,240,True
2023-06-22,Product_E,40,979,True
2023-06-23,Product_E,495,664,False
2023-06-24,Product_E,242,491,False
2023-06-25,Product_E,36,681,True
2023-06-26,Product_E,116,462,True
2023-06-27,Product_E,414,629,True
2023-06-28,Product_E,198,506,True
2023-06-29,Product_E,434,687,False
2023-06-30,Product_E,155,667,True
2023-07-01,Product_E,147,336,True
2023-07-02,Product_E,140,711,False
2023-07-03,Product_E,490,331,False
2023-07-04,Product_E,130,438,True
2023-07-05,Product_E,244,257,True
2023-07-06,Product_E,162,588,True
2023-07-07,Product_E,447,413,False
2023-07-08,Product_E,188,813,True
2023-07-09,Product_E,112,105,True
2023-07-10,Product_E,273,704,True
2023-07-11,Product_E,21,273,False
2023-07-12,Product_E,499,113,True
2023-07-13,Product_E,248,733,True
2023-07-14,Product_E,141,338,True
2023-07-15,Product_E,266,749,False
2023-07-16,Product_E,426,266,False
2023-07-17,Product_E,299,688,False
2023-07-18,Product_E,116,240,False
2023-07-19,Product_E,166,88,True
2023-07-20,Product_E,46,570,False
2023-07-21,Product_E,474,208,True
2023-07-22,Product_E,448,313,False
2023-07-23,Product_E,151,339,False
2023-07-24,Product_E,95,299,True
2023-07-25,Product_E,340,643,True
2023-07-26,Product_E,21,653,True
2023-07-27,Product_E,52,446,False
2023-07-28,Product_E,444,878,True
2023-07-29,Product_E,119,610,False
2023-07-30,Product_E,257,703,True
2023-07-31,Product_E,154,694,False
2023-08-01,Product_E,332,782,False
2023-08-02,Product_E,14,591,True
2023-08-03,Product_E,131,507,False
2023-08-04,Product_E,246,412,False
2023-08-05,Product_E,292,85,True
2023-08-06,Product_E,236,898,True
2023-08-07,Product_E,284,861,False
2023-08-08,Product_E,268,939,False
2023-08-09,Product_E,65,142,True
2023-08-10,Product_E,443,295,False
2023-08-11,Product_E,436,159,False
2023-08-12,Product_E,125,568,False
2023-08-13,Product_E,55,349,False
2023-08-14,Product_E,393,273,True
2023-08-15,Product_E,25,397,True
2023-08-16,Product_E,203,491,False
2023-08-17,Product_E,218,75,True
2023-08-18,Product_E,299,552,False
2023-08-19,Product_E,280,436,False
2023-08-20,Product_E,391,587,False
2023-08-21,Product_E,387,510,True
2023-08-22,Product_E,30,144,False
2023-08-23,Product_E,66,344,True
2023-08-24,Product_E,239,866,False
2023-08-25,Product_E,316,322,False
2023-08-26,Product_E,387,640,False
2023-08-27,Product_E,492,445,False
2023-08-28,Product_E,24,939,False
2023-08-29,Product_E,29,998,False
2023-08-30,Product_E,472,640,False
2023-08-31,Product_E,453,130,True
2023-09-01,Product_E,353,152,False
2023-09-02,Product_E,219,163,True
2023-09-03,Product_E,142,120,False
2023-09-04,Product_E,25,921,True
2023-09-05,Product_E,403,231,False
2023-09-06,Product_E,349,491,True
2023-09-07,Product_E,198,152,True
2023-09-08,Product_E,207,283,True
2023-09-09,Product_E,118,775,True
2023-09-10,Product_E,83,83,False
2023-09-11,Product_E,208,489,False
2023-09-12,Product_E,15,327,True
2023-09-13,Product_E,134,948,True
2023-09-14,Product_E,439,435,True
2023-09-15,Product_E,423,698,True
2023-09-16,Product_E,93,955,False
2023-09-17,Product_E,238,604,True
2023-09-18,Product_E,304,952,False
2023-09-19,Product_E,276,590,False
2023-09-20,Product_E,339,381,False
2023-09-21,Product_E,37,610,False
2023-09-22,Product_E,198,716,False
2023-09-23,Product_E,17,933,False
2023-09-24,Product_E,84,557,False
2023-09-25,Product_E,441,78,True
2023-09-26,Product_E,372,502,False
2023-09-27,Product_E,338,967,False
2023-09-28,Product_E,492,971,True
2023-09-29,Product_E,31,588,True
2023-09-30,Product_E,262,219,False
2023-10-01,Product_E,214,147,True
2023-10-02,Product_E,469,388,False
2023-10-03,Product_E,210,734,True
2023-10-04,Product_E,196,156,True
2023-10-05,Product_E,184,929,False
2023-10-06,Product_E,477,629,False
2023-10-07,Product_E,453,344,True
2023-10-08,Product_E,416,924,True
2023-10-09,Product_E,47,758,True
2023-10-10,Product_E,148,532,False
2023-10-11,Product_E,245,698,True
2023-10-12,Product_E,412,681,True
2023-10-13,Product_E,357,966,False
2023-10-14,Product_E,482,315,True
2023-10-15,Product_E,486,585,False
2023-10-16,Product_E,325,624,False
2023-10-17,Product_E,109,823,False
2023-10-18,Product_E,442,515,True
2023-10-19,Product_E,434,119,True
2023-10-20,Product_E,164,113,True
2023-10-21,Product_E,457,897,True
2023-10-22,Product_E,352,546,True
2023-10-23,Product_E,282,805,True
2023-10-24,Product_E,279,270,True
2023-10-25,Product_E,374,838,True
2023-10-26,Product_E,220,102,False
2023-10-27,Product_E,224,492,True
2023-10-28,Product_E,253,946,False
2023-10-29,Product_E,449,362,True
2023-10-30,Product_E,96,526,True
2023-10-31,Product_E,74,256,True
2023-11-01,Product_E,206,450,False
2023-11-02,Product_E,73,603,False
2023-11-03,Product_E,354,641,False
2023-11-04,Product_E,442,526,False
2023-11-05,Product_E,107,567,False
2023-11-06,Product_E,184,175,False
2023-11-07,Product_E,321,262,True
2023-11-08,Product_E,165,727,True
2023-11-09,Product_E,457,798,True
2023-11-10,Product_E,28,953,False
2023-11-11,Product_E,52,55,True
2023-11-12,Product_E,153,297,True
2023-11-13,Product_E,45,215,False
2023-11-14,Product_E,29,862,False
2023-11-15,Product_E,147,873,False
2023-11-16,Product_E,360,215,True
2023-11-17,Product_E,69,777,True
2023-11-18,Product_E,354,211,False
2023-11-19,Product_E,29,337,True
2023-11-20,Product_E,57,395,True
2023-11-21,Product_E,484,572,False
2023-11-22,Product_E,100,537,False
2023-11-23,Product_E,10,244,False
2023-11-24,Product_E,210,736,True
2023-11-25,Product_E,300,275,True
2023-11-26,Product_E,71,378,True
2023-11-27,Product_E,108,605,True
2023-11-28,Product_E,442,427,False
2023-11-29,Product_E,345,681,True
2023-11-30,Product_E,243,880,True
2023-12-01,Product_E,142,363,True
2023-12-02,Product_E,136,138,False
2023-12-03,Product_E,126,603,False
2023-12-04,Product_E,410,330,True
2023-12-05,Product_E,150,546,False
2023-12-06,Product_E,467,583,False
2023-12-07,Product_E,20,428,False
2023-12-08,Product_E,111,775,True
2023-12-09,Product_E,422,272,False
2023-12-10,Product_E,132,92,False
2023-12-11,Product_E,310,50,True
2023-12-12,Product_E,486,621,True
2023-12-13,Product_E,322,396,False
2023-12-14,Product_E,20,782,True
2023-12-15,Product_E,44,651,False
2023-12-16,Product_E,93,428,False
2023-12-17,Product_E,387,808,True
2023-12-18,Product_E,340,542,True
2023-12-19,Product_E,492,652,False
2023-12-20,Product_E,134,391,True
2023-12-21,Product_E,319,812,True
2023-12-22,Product_E,134,737,False
2023-12-23,Product_E,220,509,True
2023-12-24,Product_E,229,50,True
2023-12-25,Product_E,235,329,False
2023-12-26,Product_E,127,279,False
2023-12-27,Product_E,285,80,False
2023-12-28,Product_E,178,428,False
2023-12-29,Product_E,139,403,True
2023-12-30,Product_E,358,939,True
2023-12-31,Product_E,496,444,True
